$/lt_rich
&uni_rejsyg/_uni_rejsyg
-agent_onna-_v2/-agent_onna-
-babygirl-_v2/-babygirl-
-darkfairy-_v2/-darkfairy-
-diamond-/diamond
-starlight-/starlight
007tux_v2/007tux
18stcrewleader_v2/18stcrewleader/18stcrewleader_v2
2004man_v2/2004man
21emon_v2/21emon
2d_ab_sakura_kinomoto/2d_lt_sexologo
2d_avp_predator/2d_avp_predator_n/2d_lt_ang2
2d_barniel_naked/2d_lt_tuhermana
2d_ds1_issac/2d_gs_dspace_1
2d_gs_mikupanda/2d_lt_mikupanda
2d_hdn_blanc/2d_hdnr_blanc
2d_hdn_compa/2d_hdnr_compa
2d_hdn_nepgear/2d_lt_brenda1/2d_nepgear_mazz
2d_hdn_neppugia-c2/2d_hdn_neppugya-c2
2d_hdn_neppugia-c3/2d_hdn_neppugya-c3
2d_hdn_neppugia-c4/2d_hdn_neppugya-c4
2d_hdn_neppugia-cosplay/2d_hdn_neppugya-cosplay
2d_hdn_neppugia-idol/2d_hdn_neppugya-idol
2d_hdn_neppugia-maid/2d_hdn_neppugya-maid
2d_hdn_neppugia-mizugi/2d_hdn_neppugya-mizugi
2d_hdn_neppugya/2d_nepgear
2d_hdn_neptune/2d_lt_brenda2/2d_nepnep_mazz/2d_neptune
2d_hdn_neptune_black/2d_nepnep2_mazz
2d_kancolle_hibiki_n/2d_kc_hibiki_n
2d_kancolle_shimakaze_v2/2d_kc_shimakaze_v2/2d_lt_shimakaze
2d_kanna_christmas/2d_xkana
2d_kc_amatsukaze/2d_lt_amatsukaze
2d_kc_destroyer/2d_kc_destroyer_1
2d_kc_harbour_v4/2d_kc_harbour_v2
2d_kc_ikazuchi/2d_lt_ikazuchi
2d_kc_northern/2d_lt_northern
2d_kf_tsuchinoko/2d_lt_tsuchinoko
2d_kmd_kanna/2d_!!lt_kanna
2d_kz_megumi_v2/2d_kz_megumin
2d_kz_miku/2d_kz_mikutda_v3/2d_kz_mikutda_v4/2d_vocaloid_miku_v2
2d_kz_mikutda_v2/2d_kz_mikutda_v1
2d_kz_moeglados_v2/2d_gs_moeglados_v2
2d_kz_nikooneshot/2d_lt_nikooneshot_v2
2d_marisa/2d_touhou_kirisame_marisa
2d_mc_astray/2d_monogatari_hanekawa_b
2d_momiji_inubashiri/2d_lt_momiji
2d_monogatari_shinobu/2d_fp_r/2d_lt_shinobu
2d_nekopara_coconut/2d_nekopara_coconut2
2d_ooka_miko/2d_lt_miko
2d_ooka_miko_2nd/2d_lt_miko2
2d_rezero_ram/2d_lt_ram
2d_rezero_rem/2d_lt_rem
2d_sanic_v4/2d_sanic/2d_sanic_v2/2d_sanic_v3
2d_teemo_a1/2d_lt_teemo_a1
2d_touhou_tenshi_v2/2d_hinanai_v2/2d_touhou_hinanawi_tenshi
2d_ugandaknacle/2d_dawae/2d_lt_uganda
2d_werewolf/2d_werewolf_fix
2d_yorha_2b/2d_kz_2b
2pic_v2/2pic
40k_assault_marine_1/40k_ba_at
40k_sentinel/lt_sentinel
420cow_v2/420cow
4500robo_v2/4500robo
666_v2/666
7ds_simon/simon
7of9_v2/7of9
8bitman_v2/8bitman
8bitwarlock_cinema_v2/8bitwarlock_cinema
8bitwarlock_hunk_fix/8bitwarlock_hunk
8bitwarlock_hunk_v2/8bitwarlock_hunk/8bitwarlock_hunk_v2
8toshin_t_v2/8toshin_t
8toshin_v2/8toshin
8toushin_v2/8toushin
=$irens=oz_v2/=$irens=oz
[ae]_v2/[ae]
[dogs]_v2/[dogs]/her_royal_botness
[girlz]-loveman_v2/[girlz]-loveman
_nud_rejsyg/&nud_rejsyg
_ph_rejsyg_v2/&ph_rejsyg/_ph_rejsyg
_wh_rejsyg_v2/&wh_rejsyg/_wh_rejsyg
aan2_v2/aan2
aan3_v2/aan3
ab_dorothy_v2/ab_dorothy
ab_kratos/lt_jhonlee
ab_sakura_kinomoto/lt_sexologo
adidas_v2/adidas
admin/dekatin/lt_dekatin
admin3_v3/admin3/admin3_v2
admin5_v2/admin5
adminpaint_v2/adminpaint
aeonflux_v2/aeonflux
afterlife_uboa/uboa2b
agent_hunk_v2/agent_hunk
agent_russian_v2/agent_russian
agent_v2/agent
agentgrey_v2/agentgrey
agentrage_v2/agentrage
airborne01_h_v2/airborne01_h
airborne01_hm_v2/airborne01_hm
airborne01_hr_v2/airborne01_hr
airborne01_hs_v2/airborne01_hs
airborne01_m_v2/airborne01_m
airborne01_r_v2/airborne01_r
airborne01_s_v2/airborne01_s
airborne01_v2/airborne01
airborne02_h_v2/airborne02_h
airborne02_hm_v2/airborne02_hm
airborne02_hr_v2/airborne02_hr
airborne02_hs_v2/airborne02_hs
airborne02_m_v2/airborne02_m
airborne02_r_v2/airborne02_r
airborne02_s_v2/airborne02_s
airborne02_v2/airborne02
airborne03_h_v2/airborne03_h
airborne03_hm_v2/airborne03_hm
airborne03_hr_v2/airborne03_hr
airborne03_hs_v2/airborne03_hs
airborne03_m_v2/airborne03_m
airborne03_r_v2/airborne03_r
airborne03_s_v2/airborne03_s
airborne03_v2/airborne03
airborne04_h_v2/airborne04_h
airborne04_hm_v2/airborne04_hm
airborne04_hr_v2/airborne04_hr
airborne04_hs_v2/airborne04_hs
airborne04_m_v2/airborne04_m
airborne04_r_v2/airborne04_r
airborne04_s_v2/airborne04_s
airborne04_v2/airborne04
akatsuki_yuriv2_v2/akatsuki_yuriv2
al_akashi/lt_akashi
al_enterprise_v2/al_enterprise_v1/azur_lane_enterprise/azur_lane_enterprise_v2
al_git_v2/al_git
alcatraz_v2/alcatraz/lt_alcatraz
alex_mercer/lt_alex_mercer
alice_nude/touhou_alice_nude
alice_v2/alice/touhou_alice/touhou_alice2
alien2/alien
allied2-fixed/allied2
allied3-fixed/allied3
allied4-fixed/allied4
allied5-fixed/allied5
allied_s5/allied1-fixed
allied_v2/allied
alucard_v2/alucard
amongus_crewmate/lt_amongus
amr_alice/lt_alicemadness
amy_custom_s5/spp_004amy/spp_amy
amy_s5/caro2017/lt_brenda
amy_v3/amy/amy2/amy_v2
androgyknight/spp_androgyknight
angel_mdl_v2/angel_mdl/angel_swat
angel_swat_grunt/angel_swat
angelfire_v2/angelfire
angelina_v2/angelina
angelsmoke_v2/angelsmoke
animal_v2/animal
anti-claws_v2/anti-claws
antivirus_v2/antivirus
anya_v2/anya
aou-skeleton_v2/aou-skeleton
aouclan_v2/aouclan
apesuit_v2/apesuit
applehead_v2/applehead
aquaman_v2/aquaman
aquatic_v2/aquatic
arab_v2/arab
arachnind-x_v3/arachnind-x/arachnind-x_v2
arctic_hd_v2/arctic/arctic_hd
arcticgrey_v2/arcticgrey
arcticx_v2/arcticx
aresaka_v2/aresaka/cof_simon_zooyork
argentina_v2/argentina
arknights_ansel_v2/arknights_ansel
arm_v2/arm
arover_v2/arover
arthur_pendragon/lt_santos
artic_terrorist_v2/artic_terrorist
asian_v2/asian
aslave_v2/aslave
assassin_v2/assassin
astolfo_mazz_old/astolfo_mazz
astolfo_mera_v2/astolfo_mera_v1
at&tgirl_v2/at&tgirl
atf_v2/atf
atlas/lt_nilev1
aussie_v2/aussie
austin_v2/austin
avp2marine_v2/avp2marine
avp2pred2/avp2pred
avp_predator/lt_ang2
axelpro/gs_3/gs_spetsnaz01
axis2-fixed/axis2/axis2_s5
axis2_s5_v2/axis2_s5
axis3-fixed/axis3
axis4-fixed/axis4
axis5-fixed/axis5
axis6-fixed/axis6
axis_s5/axis1-fixed
axissoldier_v2/axissoldier
axist/axis
babewire_v2/babewire
baboon_v2/baboon
babykitkat_v2/babykitkat
backbeard_v2/backbeard
badday_v2/badday
badgirl_v2/bad_girl/badgirl
badtaste_v2/badtaste
baktaria_v2/baktaria
balaclablack_v2/balaclablack
balaclava_v2/balaclava
bananaboy_v2/bananaboy
bananadancer_v2/bananadancer
bandit1/stalker_bandit5
bandit2/stalker_bandit6
baraka_v2/baraka
barnabus_v2/barnabus
barnes_v2/barnes
barneyzombie_v2/barneyzombie
barniel_naked/lt_tuhermana
batman_v2/batman
battleshrineyodan_v2/battleshrineyodan
bclinton_v2/bclinton
bdroid_cnc_v2/bdroid_cnc
bdroid_hd_v2/bdroid_hd
bdroid_v3/bdroid/bdroid_v2
be_grunt_desert_v2/be_grunt_desert
be_grunt_special_v2/be_grunt_special
bear_smokemen_v2/bear_smokemen
bear_v2/bear
beast_v2/beast
bender_hd/benter_hd
benky_security_v2/benky_security
benson_v2/benson/benson_v2
bernie_v2/bernie
bert_v2/bert
betagordonhd_v2/betagordonhd
bgman_v2/bgman
bh_jed_v2/bh_jed
biff_v2/biff
big_smoke/afterlife_bigsmoke
bigmoneyj_v2/bigmoneyj
bigmoneyshaggs_v2/bigmoneyshaggs
biker_v2/biker
bikerbarney_v2/bikerbarney
billy2_v2/billy/billy2
billy_v2/billy
bio_snake_v2/bio_snake
bio_tfc_sniper_v2/bio_tfc_sniper/tfc_sniper
bitch_v2/bitch
bittersweet_v2/bittersweet
bl_barney_v2/ballerina/bl_barney
black-goku/david_skin2
black_dante_v2/black_dante
black_fassn_v2/black_fassn
black_hev_2_v2/black_hev_2
black_hev_v2/black_hev
black_massn_v2/black_massn
black_miku/miku_colorblack
blackbeard_v2/blackbeard
blackcat_v2/blackcat
blackhawk_v2/blackhawk
blackmesaarctic_v2/blackmesaarctic
blackmesadesert_v2/blackmesadesert
blackmesagray_v2/blackmesagray
blackmesagreen_v2/blackmesagreen
blackstick_v2/blackstick
blastoise_v2/blastoise
bloodangel_v2/bloodangel
bloody_v2/bloody
blue_v2/blue
bluesteel_v2/bluesteel
bluestick_v2/bluestick
blueteam_v2/blueteam
blur_v2/blur
bman_v2/bman
bms_shephard/op4_shephard
bmsoldier2_v2/bmsoldier2
bob-o1_v2/bob-o1
bob2_v2/bob/bob2
bobafett_v2/bobafett
bodyguard_v2/bodyguard
bomberman_v3/bomberman/bomberman_v2
bombermanblack_v2/bombermanblack
bombermanblue_v2/bombermanblue
bombermanred_v2/bombermanred
boomer/l4d_boomer
borg_v2/borg
bot_light_v2/bot_light
brad vickers/bradvickers
bradvickers/brad_vickers
brave_v2/brave
bravo_v2/bravo
brazil_v2/brazil
breen_v2/breen
british-grenadier_v2/british-grenadier
britishbitch_v2/britishbitch
britneyspears_v2/britneyspears
brs/mechabrs/papu/papuv2
brs_dark_mecha/dark_mechabrs
brs_digitrevx_v2/brs_digitrevx
brs_kuroi_mato/kuroi_mato
brs_ssj/mechasjj
brs_white/mechawrs_v2
bruno_v2/bruno
bruvfemale_v2/bruvfemale
bruvleader_v2/bruvleader
bt_usarmy_1_v2/bt_usarmy_1
bubba_gump_v2/bubba_gump
buckethead/lt_hover
bugs_v2/bugs
bullseye_v2/bullseye
bundeswehr1_v2/bundeswehr1
bundeswehr_v2/bundeswehr
bunny_miku/bright2
bunny_v2/bunny
bunny_yukari_v3/bunny_yukari/bunny_yukari_v2/lucero
bunnygirl_buruma_v2/bunnygirl_buruma
bunnygirl_casino1_v2/bunnygirl_casino1
bunnygirl_casino2_v2/bunnygirl_casino2
bunnygirl_pink_v2/bunnygirl_pink
bunnygirl_space_v2/bunnygirl_space
bunnygirl_v2/bunnygirl
bunnygirl_white_v2/bunnygirl_white
burninggrunt_v2/burninggrunt
burton_commando_v2/burton_commando
bush1_v2/bush1
butch_v2/butch
bv91_v2/bv91
bwsniper_v2/bwsniper
bwtgs_sena_kashiwazaki/bwtgs_sana
caballo/horse_mask/lt_caballo
camobarney_v2/camobarney
camootis_v2/camootis
canada-girl_v2/canada-girl
cannon_guy_v2/cannon_guy
canteen_boy_v2/canteen_boy
capt-hornet_v2/capt-hornet
captain_hornet_v2/captain_hornet
captain_scarlet_v2/captain_scarlet
carbon_v2/carbon
cardassian_v2/cardassian
cardboard_man_v2/cardboard_man
carnivore2_v2/carnivore2
carrianne_v2/carrianne
carter_bm_v2/carter_bm
carter_v2/carter
catsun_v2/catsun
catwoman_v2/catwoman/catwomen
ccsakura_v2/ccsakura
chainsaw_v2/chainsaw
chen/touhou_chen
chester_v2/chester
chewie_v2/chewie
chiana_v2/chiana
chief_irons_v2/chief_irons
chocobo_v2/chocobo
chocolate-cow_v2/chocolate-cow
choijiyoon/lt_choijiyoon
chris redfield/chrisredfield
chris_redfield_v2/chris_redfield
chris_v2/chris
christina_v2/christina
chrome_v2/chrome
chupetin_truj/chupetin
cirno_2/touhou_cirno2
cirno_3/cirnoap/touhou_cirno3
cirno_v2/cirno
civie_v2/civie
civilgordon_v2/civilgordon
civilian_v4/civilian/civilian_v2/civilian_v3
clan_killer_v2/clan_killer
clanpb_v2/clanpb
clans8n_v2/clans8n
clark_v2/clark
classicmapguy_v2/classicmapguy
cleiner_v2/cleiner
clerk_v2/clerk
cloud_strife_v2/cloud_strife
clowncop_v2/clowncop
cod_looseend4/fp_konikawa2018/lt_ghost
codename_natasha_v2/codename_natasha
cof_police1_v2/cof_police1
cof_police2_v2/cof_police2
cof_police3_v2/cof_police3
cof_police4_v2/cof_police4
cof_simon_aom_v2/cof_simon_aom
cof_simon_awesome_v2/cof_simon_awesome
cof_simon_camo_v2/cof_simon_camo
cof_simon_hkitty_v2/cof_simon_hkitty
cof_simon_hlc_v2/cof_simon_hlc
cof_simon_leatherhoff_v2/cof_simon_leatherhoff
cof_simon_metal_v2/cof_simon_metal
cof_simon_moddb_v2/cof_simon_moddb
cof_simon_psykskallar_v2/cof_simon_psykskallar
cof_simon_sick_v2/cof_simon_sick
cof_simon_twitcher_v2/cof_simon_twitcher
cof_simon_v3/cof_simon/cof_simon_v2
cofpolice1/afterlife_polis
coldburn_hhev_v2/coldburn_hhev
colette/cap_colette
colgate/lt_colgate/tp_colgate
combine_elite/lt_combine_elite/spp_013comb_el/spp_comb_el
combine_elite_true_v2/combine_elite_true
combine_v2/combine
commander_v2/commander
common/common1
comradetiki_v3/comradetiki/comradetiki_v2
conflict_v2/conflict
construction_v2/construction
cop2/cop
counterx_v2/counterx/counterx_navidad
cow-usa_v2/cow-usa
coyote2_v2/coyote2
coyote_v2/coyote
crash_bandicoot2/crash_bandicoot
crasher2_v2/crasher2
cream_custom_s5/fp_geral2017/spp_005cream/spp_cream
cream_dark_s5/lt_creamdark/lt_oropeza/spp_creamdark
cream_v3/cream/cream_s5/cream_v2
cribbon3/cribbon3.0
crisis_us/cirsis_us/crsis_us
cryohev_v2/cryohev
cryokeen_hd_v2/cryokeen/cryokeen2018/cryokeen_hd
crypto-137_v4/crypto-137/crypto-137_v2/crypto-137_v3
crysis_nano1_v2/crysis_nano1
cs_ddh_v2/cs_ddh
cs_lqc_v2/cs_lqc
cscz2_arctic/arctic
cscz2_gign/gign
cscz2_gsg9/gsg9
cscz2_guerilla/guerilla
cscz2_leet/leet
cscz2_sas/sas
cscz2_terror/terror
cscz_arctic/cs_arctic/cs_arctic2
cscz_gign/cs_gign/cs_gign2
cscz_gsg9/cs_gsg9/cs_gsg92
cscz_militia/cscz2_militia/militia
cscz_sas/cs_sas/cs_sas2
cscz_seal/cs_seal
cscz_spetsnaz/cscz2_spetsnaz/spetsnaz
cscz_urban/cscz2_urban/urban
cscz_vip/cscz2_vip/vip
csneo_typezero_v2/csneo_typezero
css_terror/css_terro
cuervosc_v2/cuervosc
cv-albert wesker/cv-albertwesker
cv-albert_wesker/cv-albertwesker
cybertrooper_v3/cybertrooper/cybertrooper_v2
cyberzuna/cyber_kizuna/cyber_kizuna_dance
cyborg_ninja_liquidheat/cyborgninjaliquidheat/grey_fox_liquidheat
cyborgninjanomask/grey_fox_n
cyborgninjanomaskred/grey_fox_red_n
cyborgninjarhub/grey_fox_purple
cyborgninjastealth/grey_fox_stealth
cyclops_v2/cyclops
da_bills/lt_bills
da_gohan_ssj2/lt_gohan_ssj2
da_goku_ssjblue/lt_paraguay
da_vegetafnf/dbs_vegetafnf
da_zamasu/zamasu
daedelus1_v2/daedelus1
daffy_v2/daffy
danbo/lt_danbo
dante_v2/dante
dark_mechabrs_v2/brs_dark_mecha_v2
dark_spy_v2/dark_spy
darkakilez2017/lt_louns/perrito/werewolf
darkangel_v2/darkangel
darksonic_v2/darksonic
darktails_v2/darktails
darkydude_v2/darkydude
darth_sailor_v2/darth_sailor
darthvader_v2/darthvader
dave_v2/dave
david_leatherhoff_female/david_leatherhoff_fem
dawn_v2/dawn
dboy_v2/dboy
dc_arctic_v2/dc_arctic
dc_forest_v2/dc_forest
dc_jungle_v2/dc_jungle
dc_major_v2/dc_major
dc_shadow_v2/dc_shadow
dc_snow_v2/dc_snow
deadleus_v2/deadleus
deathscythehell/deathscythehell2/deathscythehell_sc4
deldar_v2/deldar
demo2_v2/demo2
demo_v2/demo
demon2/demon
demonica_v3/demonica/demonica_v2
destro_v2/destro
devilhelmet_v2/devilhelmet
dfa_v2/dfa
dgf_duckmandrake/lt_pato
dgf_p_spetsnaz/sobreviviente
digitals_v2/digitals
dingdong/lt_dingdong
dipsy/dipsy_sc4/lt_dipsy/spp_009dipsy/spp_dipsy
discoman_v2/discoman
dlb/david_leatherhoff_d3
dle/david_leatherhoff_d4
dli/david2
dm_colette_v2/dm_colette
dm_gina_v2/dm_gina
dm_gordon_v2/dm_gordon
dm_slave_v2/dm_slave
dmc3_vergil_v2/dmc3_vergil
dmc4_nero/lmn/lt_dmc4
dmc_vergil2/dmc_vergil
doa_v2/doa
doc_holliday_v2/doc_holliday
dogs_v2/dogs
doom1_v2/doom1
dotso_erio_touwa/dotso_erio/fp_chupetin2018
dp8_v2/dp8
dp_v2/dp
dr_awdteam_v2/dr_awdteam
drake_v2/drake
drblood_v2/drblood
dreadstar_v2/dreadstar/dreadstrar
drill_v2/drill
drjmaul_v2/drjmaul
ds2_isaac/ds2_issac
ds2_soldier/ds2_solder
duck_duck_cow_v2/duck_duck_cow
duffman_v3/duffman/duffman_v2
duke3/duke/duke_55ab0
dukowski_v2/dukowski
dust1_v2/dust1
e102_v2/e102
east_v2/east
edf_marine_v2/edf_marine
eggman_v2/eggman
el_diablo_v2/el_diablo
electric_v2/electric
elf_v2/elf
elfarcherfa_v2/elfarcherfa
elfenlied_lucy/lucy
elite_combine_green/elite_combine_grey
elite_combine_grey/elite_combine_green
elves_v2/elves
elvis68_v2/elvis68
empirialklingon_v2/empirialklingon
engineer2_v2/engineer2
engineer_v3/engineer/engineer_v2
enrico marini/enricomarini
eod_v2/eod
eric-e_v2/eric-e
erik_v2/erik
ernie_v2/ernie
esf_cell3_v2/esf_cell3
esf_vegeta/esf_vegeta2
ethan_hunt_v2/ethan_hunt
evento_monseiur/lt_banana/spp_banana2
eviljohn_v2/eviljohn
evilman_v2/evilman
evilpentapenguin_v2/evilpentapenguin
evilred_v2/evilred
evlscud_v2/evlscud
exo_dolg_v2/exo_dolg
exo_mpblue_v2/exo_mpblue
exo_specnaz_v2/exo_specnaz
exo_svoboda_v2/exo_svoboda
exo_tank_v2/exo_tank
exo_v2/exo
exorcisor_v2/exorcisor
familyguy_peter_v2/familyguy_peter
fassn2_v2/fassn2
fate_jeanne/lt_fate_jeanne
fate_jeanne_alt3/lt_fate_jeanne_alt3
fatgordon_v2/fatgordon
fem-aggression_v2/fem-aggression
femaleklingon_v2/femaleklingon
ff7_anim_cloud_v2/ff7_anim_cloud
ff7_anim_redxiii_v2/ff7_anim_redxiii
ff7aeris_v2/ff7aeris
ff7barret_v2/ff7barret
ff7cid_v2/ff7cid
ff7sephiroth_v2/ff7sephiroth
ff7tifa_v2/ff7tifa
ff7vincent_v2/ff7vincent
ff7yuffie_v2/ff7yuffie
fishman2/fishman
flanders_v2/flanders
flandre2/touhou_flandre
flandre3/touhou_flan/touhou_flandre2
flandre4/lt_thflandress/touhou_flan_dress
flandre_bikini/touhou_flandre_bikini
flandre_cab_nude/touhou_flandre_cab_nude
flandre_nude/touhou_flandre_nude
flora2/flora
flying_gerbil_v2/flying_gerbil
fmcat_v2/fmcat
fnf_boyfriend_v2/fnf_boyfriend
fnv_riotranger_v2/fnv_riotranger
foolish_v2/foolish
forrest speyer/forrestspeyer
forrestspeyer/forrest_speyer
foxprvtr_v2/foxprvtr
foxsoldr_v2/foxsoldr
fp_araterror/gibman2
fp_chupetin/gs_soldiergirl
fp_eroku2018_v2/fp_eroku2018/shadow_the_hedgehog
fp_greth2017/fp_greth2018/gs_coach/spp_coach
fp_meepo/gs_gatiito_general
fp_mikito/lt_mikito
fp_nox2018/fp_nox2017
fp_twi/fp_nahuel
frankenstein_v2/frankenstein
freeman_v2/freeman
frogger_v2/frogger
frost_v2/frost
frostbatman_v2/frostbatman
fry_v2/fry
fscathach_v2/fscathach
fsn_saber/fsnsaber
fu2_v2/fu2
fuctnny_v2/fuctnny
fume_v2/fume
fur1_v2/fur1
furyouhin/uboashocker
fuuko_v2/fuuko
gagettora_v2/gagettora
gamespy_v2/gamespy
gangster_v2/gangster
gardevoir/lt_gardevoir
gatekeeper_v2/gatekeeper
gc_scientist_v2/gc_scientist
gcbandit_v2/gcbandit
gcscientist_v2/gcscientist
general_v2/general
geoff_v2/geoff
german-grenadier_v2/german-grenadier
gf_9a-91_smol_v2/gf_9a-91_smol
gf_idw_v2/gf_idw
gfl_hk416_v3/gfl_hk416/gfl_hk416_v2
gfl_m14-c2_v2/gfl_m14-c2
gfl_m14_v2/gfl_m14
gfl_m4_sopmod_c2/gfl_m4_sopmod-c2
ghetpimp_v2/ghetpimp
ghillie_v2/ghillie/ghillie1
ghost_git_v2/ghost_git
ghost_v2/ghost
gi_ayaka_v3/gi_ayaka/gi_ayaka_v2
gi_ganyu_hz/gi_ganyu
gi_ganyu_hz_alt/gi_ganyu_without_the_thing
gi_hutao/lt_ultron
gi_keqing_v2/gi_keqing/lt_ultron_v2
gi_klee_v2/gi_klee
giacomo_2_v2/giacomo_2
giacomo_v2/giacomo
giant-b_v2/giant-b
giant-g_v2/giant-g
gibbed_v2/gibbed
gibman_v2/gibman
gigacirno_v2/gigacirno_v1
giggles_v2/giggles
gign_v2/gign
gimp_v2/gimp
gina/cap_gina
gina2_v2/gina2
ginacol_v2/ginacol
ginger_v2/ginger
gir_dogsuit_v2/gir_dogsuit
girlz_v2/girlz
gitnes_v2/gitnes
gits-girl_v2/gits-girl
gitty_v2/git/gitty
glados barney/glados_barney
gmanhead_v2/gmanhead
gmansanta_v2/gmansanta
gmansdayoff_v2/gmansdayoff
gmansmall_v2/gmansmall
gokiman/lt_cucaracha
gordon/cap_gordon
gordon_floater/midgordon
gordon_scientist_v2/gordon_scientist
gordon_stalker_v2/gordon_stalker
gordonshit_v2/gordonshit/whitesuit
gorillaz_v2/gorillaz
gormit_v2/gormit
goth_v2/goth
gothiccatlady_v2/gothiccatlady
greaser_v2/greaser
green2_v2/green2
green_special_v2/green_special
greenstick_v2/greenstick
grey_fox_black_v2/grey_fox_black
grey_fox_red_v2/grey_fox_red
grey_fox_v3/grey_fox/grey_fox_v2
grey_v3/grey/grey_v2
greyfox_v2/greyfox
grievous_v2/grievous
grith_v2/grith
grudge_v2/grudge
grunt2/grunt
grunt_spas_v2/grunt spas/grunt_spas
grunt_v3/grunt/grunt_v2
gruntzombie_v3/gruntzombie/gruntzombie_v2
gs_battlet01/gs_1
gs_battlet03/gs_2
gs_brs_@w@/brs@_@
gs_dspace_1/spp_deadspace
gs_ethel_fairyf/lt_ethel1
gs_gatiito_waffen/spp_gato
gs_happy_beta_v2/gs_happy_beta
gs_happy_ssj_god_v2/gs_happy_ssj_god
gs_keiwaffenss/spp_keiwaffen
gs_marinetr/lt_gati
gs_soldiergirl_v2/lt_bradpquito_sg/lt_sergio336/spp_soldierg
gs_spetsnaz02/gs_4
gs_spetsnaz03/gs_5
gs_spetsnaz04/gs_6
gs_spetsnaz05/gs_7
gs_spetsnaz06/gs_8
gs_spetsnaz07/gs_9
gs_spetsnaz08/gs_10
gs_spetsnaz09/gs_11
gs_spetsnaz10/gs_12
gs_spetsnaz11/gs_13
gs_spetsnaz12/gs_14
gs_spetsnaz13/gs_15
gs_spetsnaz14/gs_16
gs_v2/gs
gsg9_v2/gsg9
gstc_v2/gstc
guardian_v2/guardian
gunsurvivor_ark_v2/gunsurvivor_ark
guybrush_v2/guybrush
gw_pointman_black_1_v2/gw_pointman_black_1
gw_pointman_black_2_v2/gw_pointman_black_2
gw_pointman_latino_v2/gw_pointman_latino
gw_pointman_white_1_v2/gw_pointman_white_1
gw_pointman_white_2_v2/gw_pointman_white_2
gw_pointman_white_3_v2/gw_pointman_white_3
gw_real_latino_v2/gw_real_latino
gw_real_white_1_v2/gw_real_white_1
halloween_v2/halloween
halo_black_v2/halo_black
halo_blue_v2/halo_blue
halo_elite_blue_v2/halo_elite_blue
halo_elite_gold_v2/halo_elite_gold
halo_elite_red_v2/halo_elite_red
halo_green_v2/halo_green
halo_jeffrey_odstv2_v2/halo_jeffrey_odstv2
halo_jeffreyodst_v2/halo_jeffreyodst
halo_seablue_v2/halo_seablue
halo_unknown_v2/halo_unknown
halo_v3/halo/halo_v2
halo_yellow_v2/halo_yellow
halosonic_v2/halosonic
halotails_v2/halotails
hanky_v2/hanky
harleyquinn_v2/harleyquinn
harmor_v2/harmor
haruhi_azusa/gs_azusa
haruhi_azusa2/azusa_nakano
haruhi_haruhi/haruhi
haruhi_mio/gs_mio
haruhi_ritu/gs_ritu
haruhi_yui/gs_yui
hatsunemiku_10a2/hatsunemiku_10a/hatsunemiku_10a_v2
hatsunemiku_v2/hatsunemiku/hatsunemiku2
havok2_v2/c-r-o-w/havok2
hd_hl1_gman_v2/hd_hl1_gman
hdnr_neptune-c3_big/hdn_neptune_poritan
headless_horseman_v2/headless_horseman
heartripper_v2/heartripper
heather_v2/heather
heavyarms_v2/heavyarms
hellboy/hellboy_v2
hellsangel_f1_v2/hellsangel_f1
hellzadmin2_v2/hellzadmin2
hellzadmin3_v2/hellzadmin3
hellzadmin_v2/hellzadmin
helmet/cap_helmet
helmet2_v2/helmet2
helmetscientist_v2/helmetscientist
her_royal_botness_v2/her_royal_botness
hev_drip/lt_alaraco
hev_mulher_rock/ace_hev/hev_mulher rock
hevbarnabus_v2/hevbarnabus
hevbarney/cap_hevbarney
hevbarney2/cap_hevbarney2
hevephixa_v2/hevephixa
hevgirl_v2/hevgirl
hevgrey_v2/hevgrey
hevgrunt_v2/hevgrunt
hevguy_v2/hevguy
hevhitman/hitmanhev
hevscientist/cap_hevscientist
hevscientist2/cap_hevscientist2
hevscientist3/cap_hevscientist3
hevscientist4/cap_hevscientist4
hevscientist5/cap_hevscientist5
hevsnark/snark
hgrunt2_v2/hgrunt2
hgrunt_hd_v2/hgrunt_hd
hhev_v2/hhev
hibari_v2/hibari
hikaru_v2/hikaru
hinanai_v3/hinanai_v2
his_royal_guardian_v2/his_royal_guardian
hitman_v2/hitman
hito1_v2/hito1
hl1_headcrab_v2/hl1_headcrab
hl2_alyx_v2/hl2_alyx
hl2_combine/fp_carlos2018
hl2_combine_elite_v2/hl2_combine_elite
hl2_combine_soldier_v2/hl2_combine_soldier
hl2_elivance_2_v2/hl2_elivance_2
hl2_fastzombie_v2/hl2_fastzombie
hl2_gman_v2/hl2_gman
hl2_metropolize_v2/hl2_metropolize
hl2_zombie_v2/hl2_zombie
hl2combinecamo2/combine_shotgun_beta_2
hlpc_billy_v2/hlpc_billy
hn_iris_heart_a_v2/hn_iris_heart_a
hn_iris_heart_n_v2/hn_iris_heart_n
holli_v2/holli
holo_pekora_lowpoly/pekora_lowpoly
holo_v2/holo
homer1_v2/homer1
homer_v2/homer
hungerzork_v2/hungerzork
hunk1/hunk1-fixed
hunk_re2r_v2/hunk_re2r
hunk_v4/hunk/hunk_v2/hunk_v3
hunter_l4d/l4d_hunter
hvyweapon2_v2/hvyweapon2
hwgrunt_v2/hwgrunt
hyperknuckles_v2/hyperknuckles
i_v2/i
ibrs/brs_ibrs
incredhulk_v2/incredhulk
indy_v2/indy
inf_gruppen_v2/inf_gruppen
inf_sturmbannfuhrer_v2/inf_sturmbannfuhrer
infected_businessman_v2/infected_businessman
infested_v2/infested
initiate/lt_initiate
insan_grunt_v2/insan_grunt
irobot_v2/irobot
iron-man_v2/iron-man
irongiant_v2/giant/irongiant
ironlantern_v2/ironlantern
isaac/ds1_isaac/ds1_issac
islave_baby_v2/islave_baby
islave_rb_v2/islave_rb
jailson_v2/jailson
james2/james
james_v2/james
james_west_v2/james_west
jarjar_v2/jarjar
jason2/jason_v2
jason_v2/jason/jason2
jc_v2/jc
jester_gibbed_v2/jester_gibbed
jester_head_v2/jester_head
jesus_v2/jesus/lt_rolando
jihadarctic_v2/jihadarctic
jihaddesert_v2/jihaddesert
jihadgray_v2/jihadgray
jihadgreen_v2/jihadgreen
jill_grey/jill
jixleet_v5final/jixleet/jixleet_v2/jixleet_v3beta/jixleet_v4/spp_jixleet
jokerldr_v2/jokerldr
josephfrost/joseph frost
jra_v2/jra
jthm_v3/jthm/jthm_v2
judgedeath_v2/judgedeath
junkie2/junkie3
justislave_v2/justislave
k-9_v2/k-9
k4zuko_v2/k4zuko
k9_v2/k9
k9blue_v2/k9blue
kakashi_v2/kakashi
kanatekoman_v2/kanatekoman
kancolle_amatsukaze/kc_amatsukaze
kancolle_atago/kc_atago
kancolle_atago_n/kc_atago_n
kancolle_bismarck/kc_bismarck/lt_minato_03/papuv3
kancolle_bismarck_n/kc_bismarck_n
kancolle_harbour/kc_harbour/seaporthime
kancolle_harbour2/fp_grethelv2/kancolle_harbour2/kancolle_harbour_v2/kc_harbour_v2/lt_bastz
kancolle_hibiki/kc_hibiki
kancolle_hibiki_n/kc_hibiki_n
kancolle_shimakaze/kc_shimakaze/shimakaze
kancolle_shimakaze_v2/kc_shimakaze_v2/lt_shimakaze
kancolle_takao/kc_takao
kancolle_takao_n_v2/kancolle_takao_n/kc_takao_n/kc_takao_n_v2
kanimiso_v2/kanimiso
kasane_teto_v2/kasane_teto
kate_swedish_2_hat_v2/kate_swedish_2_hat
kate_swedish_2_v2/kate_swedish_2
kate_swedish_3_hat_v2/kate_swedish_3_hat
kate_swedish_3_v2/kate_swedish_3
kate_swedish_hat_v2/kate_swedish_hat
kate_swedish_v2/kate_swedish
kattmat_v2/kattmat
kazextreme2_v2/kazextreme2/kazextreme2_v2
kc_ikazuchi/lt_ikazuchi
kc_inazuma/lt_inazuma
kc_northern_v3/fp_grethelv1/kc_northern/kc_northern_v2/lt_eternal/lt_northern
kenneth sullivan/kennethsullivan
kenneth_sullivan/kennethsullivan
kermit_costume_v2/kermit_costume
kermit_v2/kermit/kermit_v2/lt_kermit
kf_greywolf_kz_v2/kf_greywolf_0fa18/kf_greywolf_kz/kf_greywolf_v2/lt_greywolf
kf_shoebill/lt_shoebill
kf_tsuchinoko/lt_tsuchinoko
kfparamedicalfredanderson/kfparaalfredandrsn
kgb_hair_v2/kgb_hair
kgb_hat_v2/kgb_hat
kgb_v2/kgb
kikyou_v2/kikyou
killer_cyber_bunny_v2/killer_cyber_bunny
killerrabbits_v2/killerrabbits
kitsune_hev_v2/kitsune_hev
kkk_v3/kkk/kkk_v2
klingondurassfemale/klingonfemale
klon_v2/klon
km_ayakomichi_v2/km_ayakomichi
kmd_kanna/angeel2017/fp_angel2018/lt_kanna
kmd_lucoa_bikini/lt_rellenito
knuckles/fp_k/knuckles2/knuckles_s5
knuckles_custom_s5/fp_lek2018v2/spp_003knuckles/spp_knuckles
knuckles_v3/fp_k/knuckles/knuckles_s5
knute_and_bolte_v2/knute_and_bolte
konata/lt_konata
kotori/dal_kotori
krauser_beret_v2/krauser_beret
krauser_grunt_v2/krauser_grunt
krauser_gruntf_v2/krauser_gruntf
krauser_v2/krauser
kroenen2_v2/kroenen2
krotchy2/krotchy/krotchy_v2
krotchy_v2/krotchy/krotchy2/krotchy_v2
kumamon_v2/kumamon
kurumi_tokisaki/dal_kurumi/dar-kurumi/lt_jhonela
kz_bowsette_v2/kz_bowsette
kz_elin_04_v1/lt_kz_elin_04_v1
kz_megumi_v2/kz_megumin/megumin
kz_miku_w/gs_miku_@w@
kz_mikutda_v1/kz_mikutda_v1_2
kz_mikutda_v2/kz_mikutda_v2_2
kz_mikutda_v3/kz_mikutda_v3_2
kz_mikutda_v4/kz_miku/kz_mikutda_v4_2
kz_moeglados_v2/gs_moeglados_v2
kz_nerutda_v2/kz_neru/kz_nerutda_v1/kz_neruu
kz_touhou_momiji/touhou_momiji/touhou_momiji_hd
l4d2_ellis/lt_ellis
ladybug_v2/ladybug
ladydeath19_v2/ladydeath19
ladygarden_v2/ladygarden
ladym_v2/ladym
lain_v2/lain
lala/laalaa_sc4/lt_laalaa/spp_008laalaa/spp_laalaa
laracroft_v2/laracroft
larry_military_v3/larry_military/larry_military_v2
larry_v3/larry/larry_v2
larry_young_v3/larry_young/larry_young_v2
lavaurban_v2/lavaurban
ld_hl_construction/alpha_construc
ld_hl_gus/alpha_gus
ld_op4_cigar/alpha_hass
legends_cleric_v2/legends_cleric
legends_rogue_v2/legends_rogue
legends_warrior_v2/legends_warrior
legends_wizard_v2/legends_wizard
lego/replacemodel1
leon_con_cazadora_v2/leon_con_cazadora
leon_s_kennedy/leon_s._kennedy
leon_v2/leon
leonrpd_v3/leonrpd/leonrpd_v2
lightgreenhev_v2/lightgreenhev
limp_v2/limp
lingling_v2/lingling
link_v2/link
liquid_illusion_v2/liquid_illusion
livingdeadgirl_v2/livingdeadgirl
lobo_v2/lobo
lobopirate_v2/lobopirate
lol_ahri/ahri/fp_grethel
lol_black_v2/lol_black
lol_blue_v2/lol_blue
lol_red_v2/lol_red
lol_v2/lol
love-cow_v2/love-cow
lt_fry/fry
lt_gaara/gaara
lt_gorillaz/gorillaz
lt_knight/knight
lt_naruto/naruto
lt_riko/riko
lt_shadow/shadow
lt_spongebob/spongebob
ltk_v2/ltk
lucario_hd/lt_lucario
lum2_v2/lum2
m3_luck3y_charms_v2/m3_luck3y_charms
m3ats_model_v2/m3ats_model
m4grunt_v2/m4grunt
madcow_v2/madcow
madgit_v2/madgit
madotuki2_v3/madotuki2/madotuki2_v2
madotuki_bu-n_v2/madotuki_bu-n
madotuki_v3/madotuki/madotuki_v2
mafiaboss_v2/mafiaboss
mafioso2_v2/mafioso2
mafioso_v2/mafioso
maggotusa_v2/maggotusa
major_v2/major
male_swat_v2/male_swat
mapleleafs_v2/mapleleafs
marciano/lt_marciano
marilee_v2/marilee
marine_v2/marine
mario_v2/mario
marioodyssey_v3/marioodyssey/marioodyssey_v2
marisa/touhou_kirisame_marisa
marisa2/marisa/marisa4
marisa3/touhou_marisa2
marmor_v2/marmor
marvin_v2/marvin
mask_v2/mask
masked_ninja_v2/masked_ninja
massacrer2_v2/massacrer2
massn_black_v2/massn_black
maxpayne_v2/maxpayne
maya_borderlands/maya
maya_dawn_v2/maya_dawn
mc_steve_v2/lt_maincraft/maincraft/mc_steve
mdn_tenno_uzume-c2_v2/mdn_tenno_uzume-c2
mechawrs/brs_white2
medic/new_medic
mega_axl/axl
mega_zero/megamem zero/megamen_zero
megatron_v2/megatron/megatron-slaughter
melf_v2/melf
meranian_v2fa/meranian_v1/meranian_v1fa/meranian_v2
metrocop_v2/metrocop
mib_v2/mib
michigan_v2/michigan
miketama_small_v2/miketama_small/miketama_small_v1
miko_b_v2/miko_b
miko_black_v2/miko_black
miko_v2/miko
mikofox2_v2/mikofox2
miku_cute2_arms/mikuaction
miku_fabulous2/vocaloid_miku_v2
miku_kurumi_v2/miku_kurumi
miku_pierretta/nr_miku_pierretta
mikuhev_v1/lt_minato_04
miles/tails2
milly_d_v2/milly_d
milly_g_v2/milly_g
milly_maid_v2/milly_maid
milly_nurse_v2/milly_nurse
milly_v2/milly
milly_w_v2/milly_w
milly_xmas_v2/milly_xmas
milos/lt_milos
miniblackgrunt_v2/miniblackgrunt
mistymod_v2/mistymod
mlc_allied_soldier/allied7
mlp_celestia_v2/mlp_celestia
mlp_luna_v2/mlp_luna
mlp_twilight_v2/mlp_twilight
mmm_akemi_homura/akemi_homura
mod_v2/mod/~mod~
moldybread_v2/moldybread
momiji_inubashiri/spp_015momiji/spp_momiji
monoe_v2/monoe
monogatari_hanekawa_b/fp_grethelv3/mc_astray
monogatari_shinobu/fp_r
monoko1_v3/monoko1/monoko1_v2
monoko2_v3/monoko2/monoko2_v2
monster_hunter_v2/monster_hunter
moonhitler_v3/moonhitler/moonhitler_v2
moonman/fp_venger2017/lt_moonman_v2
morphbeta_v2/morphbeta
mp_security_v2/mp_security
mp_toadc/lt_toadc
mr_zombo2_v2/mr_zombo2
mr_zombo_v2/mr_zombo
mrbored_v2/mrbored
mrbubbles_v2/mrbubbles
mrdumbsbrother_v2/mrdumbsbrother
mrrogers_v2/mrrogers
mrt_v2/mrt
mrunknown/mr.unknown
msc_male_v2/msc_male
msc_reference_v2/msc_male/msc_reference
muerte_v2/muerte
mummie_v2/mummie
musclebase_v2/musclebase
mynx_v2/mynx
mystique_v2/mystique
naluri_v2/naluri
narkosha_v2/narkosha
natsumi_s_v2/natsumi_s
natsumi_v2/natsumi
nav_v2/nav
neet64_v2/neet64
negro_v2/negro
nekomata2_disguise_v2/nekomata2_disguise
nekomata2_miko_v2/nekomata2_miko
nekomata2_mizugi_v2/nekomata2_mizugi
nekomata2_skirt_v2/nekomata2_skirt
nekomata2_xmas_v2/nekomata2_xmas
nekomata2_zinbei_mt_v2/nekomata2_zinbei_mt
nekomata2_zinbei_v2/nekomata2_zinbei
nekomata_ahl2_v2/nekomata_ahl2
nekomata_ahl_v2/nekomata_ahl
nekomata_armor_d_v2/nekomata_armor_d
nekomata_armor_v2/nekomata_armor
nekomata_beta_v2/nekomata_beta
nekomata_casual_d_v2/nekomata_casual_d
nekomata_casual_v2/nekomata_casual
nekomata_goth_v2/nekomata_goth
nekomata_jc_v2/nekomata_jc
nekomata_jk_v2/nekomata_jk
nekomata_maid_d_v2/nekomata_maid_d
nekomata_maid_v2/nekomata_maid
nekomata_mizugi_d_v2/nekomata_mizugi_d
nekomata_mizugi_v2/nekomata_mizugi
nekomata_scnormal_v2/nekomata_scnormal
nekomata_skirt_d_v2/nekomata_skirt_d
nekomata_skirt_v2/nekomata_skirt
nekomata_smile_v2/nekomata_smile
nekomata_zinbei_d_v2/nekomata_zinbei_d
nekomata_zinbei_v2/nekomata_zinbei
nekomimi_agent2_v2/nekomimi_agent2
nekomimi_agent_v2/nekomimi_agent
nekomimi_bikini2_v2/nekomimi_bikini2
nekomimi_bikini_v2/nekomimi_bikini
nekomimi_buruma_v2/nekomimi_buruma
nekomimi_casino_v2/nekomimi_casino
nekomimi_doom_v2/nekomimi_doom
nekomimi_fallen_v2/nekomimi_fallen
nekomimi_magical_v2/nekomimi_magical
nekomimi_maid2_v2/nekomimi_maid2
nekomimi_maid_v2/nekomimi_maid
nekomimi_nurse2_v2/nekomimi_nurse2
nekomimi_nurse_v2/nekomimi_nurse
nekomimi_sc2_v2/nekomimi_sc2
nekomimi_sc_v2/nekomimi_sc
nekomimi_school_v2/nekomimi_school
nekomimi_serious_v2/nekomimi_serious
nekomimi_skumizu_v2/nekomimi_skumizu
nekomimi_soldier_v2/nekomimi_soldier
nekomimi_space_v2/nekomimi_space
nekomimi_wafuku2_b_v2/nekomimi_wafuku2_b
nekomimi_wafuku2_v2/nekomimi_wafuku2
nekomimi_wafuku_v2/nekomimi_wafuku
nekomimi_white_v2/nekomimi_white
nekomimi_wild2/nekomimi_wild
nekomimiku_f_v2/nekomimiku_f
nekomimiku_v2/nekomimiku
nekomimimaid_beta_v2/nekomimimaid_beta
nekopara_azuki_v2/nekopara_azuki
nekopara_coconut_kz/lt_sergio336_v3/nekopara_coconut/nekopara_coconut_v2
nekopara_ethanol_v3/nekopara_ethanol_v2
neon_cow_v2/neon_cow
nepgear/lt_brenda1
neptune/lt_brenda2
neptunia_mth/neptunia_cfwmagic
new_spy_v2/new_spy
nge_eva01/eva
ngnl_shiro/lt_shiro/valeria
nicepirate_v2/nicepirate
nige111_v2/nige111
nightwolf_v2/nightwolf
niko_v2/niko
ninja/grey_fox_stealth2
nitori/touhou_nitori
nizj2_v2/nizj2
nizje_v2/nizje
nohead_v2/nohead
noire_v2/noire
not_precached_man_v2/not_precached_man
nox_gam/gs_succubusgirl/spp_012succubusgirl/spp_succubusgirl
nr_chen_bike/lt_catbike/lt_jhonela1
nr_ran_v2/nr_ran
ns_soldier_v2/ns_soldier
ns_specopsblk_v2/ns_specopsblk
ns_specopsgrn_v2/ns_specopsgrn
ns_specopsgry_v2/ns_specopsgry
nuderaider_v2/nuderaider
nuku/nuku-b
nva-amobe1_v2/nva-amobe1
nva-flach1_v2/nva-flach1
nva-flach1feld_v2/nva-flach1feld
nva-strich1_v2/nva-strich1
nva-strich1feld_v2/nva-strich1feld
nva_v2/nva
nvagreen_v2/nvagreen
nya_czy_v2/nya_czy
nya_miku/hatsunemiku1/miku_cute1
nya_noire/gs_noire/spp_noire
nya_purple/gs_purplesister
nya_rabi/fp_lek2018/gs_mikupanda/lek2017/lt_mikupanda/spp_011mikupanda/spp_mikupanda
nyakotama_v2/nyakotama
nyaruko/lt_blaccb
nympho_v2/nympho
nytrog_v2/nytrog
oldskool_v2/oldskool
oldsuit_tron1/futurehelmet
ooka_miko/lt_miko
ooka_miko_2nd/lt_miko2
op_cow_v2/op_cow
opfor_balaclava_v3/balaclava2/opfor_balaclava/opfor_balaclava_v2
opfor_grunt_v3/grunt2/opfor_grunt/opfor_grunt_v2
opfor_hgrunt_v3/opfor_hgrunt/opfor_hgrunt_v2
opfor_medic_v3/opfor_medic/opfor_medic_v2
opfor_recon_v3/opfor_recon/opfor_recon_v2
opfor_saw_v3/opfor_saw/opfor_saw_v2
opfor_torch_v3/opfor_torch/opfor_torch_v2
opfor_tower_v3/opfor_tower/opfor_tower_v2
orangestick_v2/orangestick/stick_orange
outbreak_david/re_outbreak_david2
ozggirl_v2/ozggirl
p-body/lt_nilev2/lt_p-body
p3_mc_v2/p3_mc
p4_jack_frost/p4_jack_frost_n
p4_jack_frost_flat/p4_jack_frost_fs
padoru_padoru/lt_padoru/padoru
panzer_cop_v2/panzer_cop
panzerarctic/plainarctic
panzerdesert/plaindesert
panzergray/plaingray
panzerurban/urbanpanzer
paper_mario_v2/lt_mario/paper_mario
papu2017/fp_papu2018/gs_ethel_fairyf_v2/lt_minato_01
para_alpha5_v2/para_alpha5
para_alpha6_v2/para_alpha6
para_elektrik_v2/para_elektrik
para_terror_v2/para_terror
payne_2/payne
payne_v2/payne
pd_elvis/elvis
pedobear/lt_pedobear
pedro/jill_valentine2
penguin_baby_v2/penguin_baby
penguin_v3/penguin/penguin_v1/penguin_v2
penguins_v2/penguins
pepsican/lt_pepsi/spp_pepsi
pepsiman2/pepsiman
peruano_v2/peruano
picard_v2/picard
pickle_rick_sc/pickle-rick_sc
pioschicken/zz_pioschicken
pirate_tsugumi_v2/pirate_tsugumi
piratess_v2/piratess
pitusas_v3/pitusas/pitusas_v2
pizzaboy_v2/pizzaboy
pizzaman_v2/pizzaman
plainarctic/panzerarctic
plaindesert/panzerdesert
plaingray/panzergray
plaingreen_v2/panzergreen/plaingreen
platov_v2/platov
playerslayer_v2/playerslayer
plushtrap/da_plushtrap
plutia01_mazz_v2/plutia01_mazz
plutia02_mazz_v2/plutia02_mazz
plutia03_mazz_v2/plutia03_mazz
plutia04_mazz_v2/plutia04_mazz
po/lt_po/po_sc4/spp_007po/spp_po
police_v2/police
poliisikoira_v2/poliisikoira
poniko_v3/poniko/poniko_v2
postal_v2/postal
potleaf_v2/potleaf
power_v2/power
powerup_luigi_v2/powerup_luigi
powerup_mario_v2/powerup_mario
prdel_v2/prdel
preacher_v2/preacher
pred_v2/pred
predator2_v2/predator2
predator_v2/predator
predatrice_v2/predatrice
predteam_v2/predteam
prison_guard_v2/prison_guard
psycho-firth_v2/psycho-firth
psycho_v2/psycho
pumpkin2_v2/pumpkin2
pumpkin_v2/pumpkin
punisherbot_v2/punisherbot
punk_v2/punk
punkgirlz_v2/punkgirlz
purple sister/purple_sister
putin_v2/putin/putin_v2/sc_argentina
pyro_hecu/pyro
pyrotf2_v2/pyrotf2
q2_bitch_v2/q2_bitch
q2_cipher_v2/q2_cipher
q2_claymore_v2/q2_claymore
q2_flak_v2/q2_flak
q2_howitzer_v2/q2_howitzer
q2_major_v2/q2_major
q2_natasha/natasha
q2_nightops_v2/q2_nightops
q2_pointman_v2/q2_pointman
q2_psycho_v2/q2_psycho
q2_rampage_v2/q2_rampage
q2_razor_v2/q2_razor
q2_recon_v2/q2_recon
q2_scout_v2/q2_scout
q2_sniper_v2/q2_sniper
q2_tank_v2/q2_tank
q2_viper_v2/q2_viper
q2howitzer_v2/q2howitzer
q2marine_v2/q2marine
q2yellow_v2/q2yellow
q3_doom_v2/q3_doom
q3a_bones_v2/q3a_bones
q3doom_v2/q3doom
q3krusade_v2/q3krusade
q3patriot_v2/q3patriot
q3razor_v2/q3razor/razor
q3redrazor_v2/q3redrazor
q3sarge_v2/q3sarge
quake_v2/quake
queenofswords_v2/queenofswords
quisty/quistis
ram/ram2
ranger1_v2/ranger1
ranger2_v2/ranger2
ranger3_v2/ranger3
ranger4_v2/ranger4
ranger5_v2/ranger5
ranger6_v2/ranger6
ranger7_v2/ranger7
ranger8_v2/ranger8
ranger9_v2/ranger9
rangers_v2/rangers
raquelinred_v2/raquelinred
rat_v2/lt_rat/rat/rat2
rata/lt_rata
raus_de_v3/raus_de
rayman_v2/rayman
razor_v2/razor
rb_ct_v2/rb_ct
rbpixie_v2/rbpixie
re2_claireredfield_v2/re2_claireredfield
re2_nemesis_jill_v2/re2_nemesis_jill
re_barry_v2/re_barry
re_brad_v2/re_brad
re_chris_v2/re_chris
re_danielle_v2/re_danielle
re_dead_brad_v2/re_dead_brad
re_enrico_v2/re_enrico
re_hcf_wesker_v2/re_hcf_wesker
re_jill_v2/re_jill
re_outbreak_david_v2/re_outbreak_david
re_rpd_leon_v2/re_rpd_leon
re_stars_barry_v2/re_stars_barry
re_stars_brad_v2/re_stars_brad
re_stars_chris_v2/re_stars_chris
re_stars_enrico_v2/re_stars_enrico
re_stars_forrest_v2/re_stars_forrest
re_stars_jill_v2/re_stars_jill
re_stars_joseph_v2/re_joseph/re_stars_joseph
re_stars_joseph_v2_v2/re_stars_joseph
re_stars_kenneth_v2/re_stars_kenneth
re_stars_rebecca_v2/re_stars_rebecca
re_stars_richard_v2/re_stars_richard
re_stars_wesker_v2/re_stars_wesker
re_succ_arctic_unit_v2/re_succ_arctic_unit
re_succ_captain_lao_v2/re_succ_captain_lao
re_succ_citizen_unit_v2/re_succ_citizen_unit
re_succ_combat_response_unit/re_succ_combat_respon/re_succ_combat_unit
re_succ_combat_tech_v2/re_succ_combat_tech
re_succ_combat_technician/re_succ_combat_tech
re_succ_commander_merc_v2/re_succ_commander_merc
re_succ_corporal_gote_v2/re_succ_corporal_gote
re_succ_fresh_recruit/re_succ_fresh_recruit_unit/re_succ_recruit_unit
re_succ_hrd_light_v2/re_succ_hrd_light
re_succ_hrd_mech_v2/re_succ_hrd_mech
re_succ_hrd_shield_v2/re_succ_hrd_shield
re_succ_major_lie_rick_v2/re_succ_major_lie_rick
re_succ_marksman_unit_v2/re_succ_marksman_unit
re_succ_medic_milita/re_succ_medic_milita_unit/re_succ_medic_unitb
re_succ_medic_unit_v2/re_succ_medic_unit
re_succ_operator_unit_v2/re_succ_operator_unit
re_succ_security_unit_v2/re_succ_security_unit
re_succ_security_unita_v2/re_succ_security_unita
re_succ_security_unitb_v2/re_succ_security_unitb
re_succ_security_unitc_v2/re_succ_security_unitc
re_succ_trainee_v2/re_succ_trainee
re_ubcs_asian_v2/re_ubcs_asian
re_ubcs_black_v2/re_ubcs_black
re_ubcs_hispanic_v2/re_ubcs_hispanic
re_ubcs_mikhail_v2/re_ubcs_mikhail
re_ubcs_militia_v2/re_ubcs_militia
re_ubcs_militia_v2_v2/re_ubcs_militia
re_ubcs_nicholai_v2/re_ubcs_nicholai
re_ubcs_white_v2/re_ubcs_white
re_umbrella_alfred_v2/re_umbrella_alfred
re_umbrella_hunk/re_umbrella_hunk2
re_umbrella_hunk2/re_umbrella_hunk
re_umbrella_huntera_v2/re_umbrella_huntera
re_umbrella_mrx_v2/re_umbrella_mrx
re_umbrella_nemesis_v2/re_umbrella_nemesis
re_wesker_v2/re_wesker
reaper_v2/reaper
rebel/bio_rebel
rebelman1_v2/rebelman1
rebelman2_v2/rebelman2
recon_v3/recon/recon_v2
recruit2_v3/recruit2/recruit2_v2/recruit3
recruit_v3/recruit/recruit_v2
red_fox2/lt_redfox
red_helmet/spp_redhelmet
redbones_v2/redbones
redstick_v2/redstick
reimu/touhou_reimu2
reisen_v2/reisen
rem_bikini/touhou_rem_bikini
rem_nude/touhou_rem_nude
remilia2/touhou_remilia2
renamon2/renamon
reptile_v2/reptile
retardedanimal_v2/retardedanimal
rezero_ram/hevscientist6/lt_ram/ram/spp_017rzram/spp_rzram
rezero_rem/lt_rem/rem/spp_018rzrem/spp_rzrem
rgrunt2_v2/rgrunt2
ribbon3/ribbon3.0w
ribbon_v2/ribbon/ribbon2/ribbon3.0
richard aiken/richard_aiken
richard_aiken/richard/richard_v2
rick/allied8
riotgrrrl_v2/riotgrrrl
robo_1317_ap_v2/robo_1317_ap
robo_1317_v2/robo_1317
robo_1337_v2/robo_1337
robocop3_v2/robocop3
robot1_v2/robot1
roenick_v2/roenick
ronny_v2/mcdonold/ronny
rouge_custom_s5/spp_006rouge/spp_rouge
rouge_v4/rouge/rouge_s5/rouge_v2/rouge_v3
roxanne_v2/roxanne
roz_suigintou_p/lt_suigintou
rumia2/touhou_rumia2
russarctic_v2/russarctic
russdesert_v2/russdesert
russgray_v2/russgray
russgreen_v2/russgreen
rwby_weiss/lt_weiss
s-uk_v2/s-uk
sa_cj/lt_bradpquito-cj
sa_cj2/sa_cj
sa_ryder/lt_morenazo/niga
sade_v2/sade
saf_v2/saf
sahchandler_v2/sahchandler
sahturbo_v3/sahturbo_v1beta/sahturbo_v2
saito2_v2/saito2
sammi_v2/sammi
sandmanghost_v2/sandmanghost/sandmanrc7
sano_v2/sano
santa-naked_v2/santa-naked
santa_v2/santa
sao-kirito/kirito
sao-lisbeth/lisbeth
sarashi/bio_sarashi
sarashi_black2/lt_sarashi_black
sarashi_white/lt_sarashi_white
sarge_hl_v2/sarge_hl
sariah_ninja_v2/sariah_ninja
saucer_v2/saucer
saw_v2/saw
sazabi_v2/sazabi
sbo_hunted_v2/sbo_hunted
sc_argentina_v2/sc_argentina
sc_barney2_v2/sc_barney2
sc_barney_v2/sc_barney
sc_barniel_v2/sc_barniel
sc_betty2_v2/sc_betty2
sc_betty_v2/sc_betty
sc_camo_robo_v2/sc_camo_robo
sc_caroline2_v2/sc_caroline2
sc_caroline_v2/sc_caroline
sc_cave2_v2/sc_cave2
sc_cave_v2/sc_cave
sc_colette_v2/sc_colette
sc_desert_v2/sc_desert
sc_gina_v2/sc_gina
sc_gordon_v2/sc_gordon
sc_helmet2_v2/sc_helmet2
sc_helmet3_v2/sc_helmet3
sc_helmet_purple/sc_helmet
sc_helmet_v2/sc_helmet/sc_helmet4
sc_jungle_v2/sc_jungle
sc_leon_v2/sc_leon
sc_mel_v2/sc_mel
sc_miller2_v2/sc_miller2
sc_miller_v2/sc_miller
sc_shadow_v2/sc_shadow
sc_snow_v2/sc_snow
sc_urban_v2/sc_urban
sci_evil_v2/sci_evil
sci_hev_v2/sci_hev
sci_wheelchair/spp_drkeller
scientist1_v2/scientist1
scientist_mad_01/madsci
scorpion_v2/lt_scorpion/scorpion
scream_v3/scream/scream_v2
scuba_v3/scuba/scuba_v2
sd_sekai_saionji/sekai_saionji
sdgrunt_v2/sdgrunt
sdrichard_v2/sdrichard
sealarctic_v2/sealarctic
sealdesert_v2/sealdesert
sealgray_v2/sealgray
sealgreen_v2/sealgreen
security_commander_v2/security_commander
security_topside_v2/security_topside
selene_nocape_v2/selene_nocape
sence_night_s5/lt_zoropeza
sephiroth_v2/sephiroth
sexy2/replacemodel2
sexy_v2/sexy
sexybride_v2/sexybride
shade/grey_fox_shade
shadow2_v2/shadow1/shadow2
sharks_v2/sharks
shifty_v2/shifty
shinobi_v2/shinobi
ship_dr_freemanw_v2/ship_dr_freemanw
ship_holiday/ship_holliday
ship_patient_v2/ship_patient
ship_whitestripe_v2/ship_whitestripe
shizuha_aki/touhou_shizuha/touhou_shizuha_aki
shygal/sofia2017
silencer_v2/silencer
silentsniper_v2/silentsniper
silversurferhev_v2/silversurferhev
simon_v2/simon
sinchanguu/lt_sinchanguu
sister_mary_ellie_fant_v2/sister_mary_ellie_fant
sky_v2/sky
slidje_v2/slidje
smg4melony_v2/smg4melony
smid_v2/smid
smij_v2/smij
smith_v2/smith
smokerl4d/l4d_smoker
snake/snakeld
snapon_v2/snapon
snk_mikasa/mikasa
sno_ikaros/ichigo2017/ikaros
snowgrunt_v3/snowgrunt/snowgrunt_v2
soctom_v2/soctom
sofi_skinv1/brs2
sofiadark/brs_longhair
sol_char_v3/sol_char_v2
soldier_barney2_v2/soldier_barney2
soldier_barney3_v2/soldier_barney3
soldier_barney_v2/soldier_barney
soldier_captain_v2/soldier_captain
soldier_captainf_v2/soldier_captainf
soldier_commander2_v2/soldier_commander2
soldier_commander_v2/soldier_commander
soldier_commanderf2_v2/soldier_commanderf2
soldier_commanderf_v2/soldier_commanderf
soldier_hgrunt2_v2/soldier_hgrunt2
soldier_hgrunt_v2/soldier_hgrunt
soldier_hgruntf2_v2/soldier_hgruntf2
soldier_hgruntf3_v2/soldier_hgruntf3
soldier_hgruntf_v2/soldier_hgruntf
soldier_major_v2/soldier_major
soldier_majorf_v2/soldier_majorf
soldier_medic2_v2/soldier_medic2
soldier_medic_v2/soldier_medic
soldier_medicf2_v2/soldier_medicf2
soldier_medicf_v2/soldier_medicf
soldier_mp_v2/soldier_mp
soldier_mpf_v2/soldier_mpf
soldier_recon_v2/soldier_recon
soldier_reconf_v2/soldier_reconf
soldier_regular_v2/soldier_regular
soldier_regularf_v2/soldier_regularf
soldier_robo_v2/soldier_robo
soldier_sarge_v2/soldier_sarge
soldier_sargef_v2/soldier_sargef
soldier_saw2_v2/soldier_saw2
soldier_saw_v2/soldier_saw
soldier_sawf2_v2/soldier_sawf2
soldier_sawf_v2/soldier_sawf
soldier_shotgun2_v2/soldier_shotgun2
soldier_shotgun3_v2/soldier_shotgun3
soldier_shotgun_v2/soldier_shotgun
soldier_shotgunf2_v2/soldier_shotgunf2
soldier_shotgunf_v2/soldier_shotgunf
soldier_torch_v2/soldier_torch
soldier_torchf_v2/soldier_torchf
soldier_tower_v2/soldier_tower
soldier_towerf_v2/soldier_towerf
solidsnake_v3/killintime/snakeld/solidsnake/solidsnake_v2
sonic_forces_classic_c_v3/sonic_forces_classic_c/sonic_forces_classic_c_v2
sonic_forces_classic_v3/sonic_forces_classic/sonic_forces_classic_v2
sonic_v4/carlos2017/fragpoint/sonic/sonic_s5/sonic_v2/sonic_v3/svenmodelsonic2
sonicshadow_v2/sonicshadow
soulcalibur_taki/taki
southern_belle_v2/southern_belle
sp_aqua_hatm_v2/sp_aqua_hatm
sp_aqua_v2/sp_aqua
spaceghost_v2/spaceghost
spades_tekker_v2/spades_tekker
spasgrunt_v2/spasgrunt
species_v2/species
spforce_v2/spforce
spiderma_v2/spiderma
spike2_v2/spike2
splintercell/splintercell-nhs
splintercell_blue/splintercell-nv-blue
splintercell_green/splintercell-nv
splintercell_red/splintercell-nv-red
spliterl4d/l4d_spitter
spongebob_v2/lt_spongebob/spongebob
spp_marijane/lt_winny
spp_pinguino/lt_pinguino
spp_wolf/lt_wolf
springman_v2/springman
squarepusher_v2/squarepusher/squarepusher_fix
srobo_v2/srobo
ss_droid_v2/ss_droid
ss_heavy_v2/ss_heavy
ss_pyro_v2/ss_pyro
ss_sam_g/fp_mordecai/fp_mordecai2018/samfisher2
ss_sam_n_v2/ss_sam_n
stalker_bandit1/afterlife_spetz1
stalker_bandit2/afterlife_spetz2
stalker_cs_gasmask/stalker_cs3
stalker_cs_hood/stalker_cs1
stalker_cs_hood_2/stalker_cs2
stalker_dolgseva_v2/stalker_dolgseva
stalker_dutyantigas_v2/stalker_dutyantigas
stalker_exo_monolith_2/stalker_exomono_2
stalker_freedomantigas_v2/stalker_freedomantigas
stalker_lonerantigas_v2/stalker_lonerantigas
stalker_markedone/stalker_ markedone
stalker_military_v3/stalker_military_v2
stalker_monolithseva_v2/stalker_monolithseva
stalker_svoboda_v2/stalker_svoboda
stalker_v2/stalker
starlight2_v2/--starlight--/starlight2
stilleto_v2/stilleto
stinky_dog_v2/stinky_dog
stix_v2/stix
sub-zero2_v2/sub-zero2
subzero/sub-zero
suika/touhou_suika
sunshine_v2/sunshine
super_hero_v2/super_hero
superman_v2/superman
supermanrage_v2/supermanrage
superseverian_v2/superseverian
supersonic_custom_s5/spp_001supersonic/spp_supersonic
supersonic_v4/aswat1/supersonic/supersonic_s5/supersonic_v2/supersonic_v3
surgeon/lt_surgeon
suwako/touhou_suwako2
sv_fredrykphox_v2/sv_fredrykphox
sv_gauntman_v2/sv_gauntman
sv_scottyfox_v2/sv_scottyfox
svencouzi_v2/svencouzi
syphon_v2/syphon/syphon_fix
t3_v2/t3
t801_v2/t801
tails_custom_s5/spp_002tails
tails_ld/tails
tails_s5/fp_c2018/fp_g
tails_v3/tails/tails_v2
taliban_v2/taliban
tango_v2/tango
tankgirl_v2/tankgirl
tc_alternative-dr.kleiner/tc_alternat-dr.kleiner/tc_dr.kleiner2
tc_dr.kleiner/lt_dr.kleiner
team_blow_v2/team_blow
technician_v2/technician
teemo/lt_teemo_a1/lt_teemo_v2/teemo_a1
teenagepolices_v2/teenagepolices
tenshi/touhou_tenshi2
tenshi3/touhou_tenshi3
tenshi_40k_sisters/40k_sisters_tenshi/touhou_tenshi_40k_sisters
tera_elin_devil/lt_elin
terminator_v2/terminator
terranrp_16_v2/terranrp_16
terrant_v2/terrant_v1/terrant_v2
tewi2/touhou_tewi
tf2_engineer_v2/tf2_engineer
tf2_medic_v2/tf2_medic
tf2_pyro_v2/tf2_pyro
tf2_scout_v2/tf2_scout
tf2_sniper_v2/tf2_sniper
tf2_soldier_v2/tf2_soldier
tf2_spy_v2/tf2_spy
tfc_demo_hd_v2/tfc_demo_hd
tfc_demoman_v2/bio_tfc_demo/tfc_demo/tfc_demoman
tfc_engineer/bio_tfc_engineer
tfc_engineer_hd_v2/tfc_engineer_hd
tfc_hvyweapon/bio_tfc_hvyweapon
tfc_hvyweapon_hd_v2/tfc_hvyweapon_hd
tfc_medic/bio_tfc_medic
tfc_medic_hd_v2/tfc_medic_hd
tfc_pyro/bio_tfc_pyro
tfc_pyro_hd_v2/tfc_pyro_hd
tfc_scout/bio_tfc_scout
tfc_scout_hd_v2/tfc_scout_hd
tfc_sniper_hd_v2/tfc_sniper_hd
tfc_sniper_v2/tcf_sniper/tfc_sniper/tfc_sniper_alt/tfc_sniper_v2
tfc_soldier/bio_tfc_soldier
tfc_soldier_hd_v2/tfc_soldier_hd
tfc_spy/bio_tfc_spy
tfc_spy_hd_v2/tfc_spy_hd
tfcengineer2_v2/tfcengineer2
tfcengineer_v2/tfcengineer
tgp_postlady1_v2/tgp_postlady1
tgp_postlady5_v2/tgp_postlady5
tgp_postlady7_v2/tgp_postlady7
tgp_postlady_v2/tgp_postlady
th_civpaul_sd/th_civpaul
th_cl_suit_sd/th_cl_suit
th_cook_sd/th_cook
th_dave_sd/th_dave
th_einar_sd/th_einar
th_einstein_sd/th_einstein
th_gangster_sd/th_gangster
th_grunt2_v2/th_grunt2
th_grunt_v2/th_grunt
th_host_sd/th_host
th_jack_sd/th_jack
th_neil_sd/th_neil
th_nurse_sd/th_nurse
th_nypdcop_sd/th_nypdcop
th_orderly_sd/th_orderly
th_patient_sd/th_patient
th_paul_sd/th_paul
th_slick_sd/th_slick
th_worker_sd/th_worker
th_zombie2/zombie2
the_borg_v2/the_borg
the_borgqueen_v2/the_borgqueen
the_fist_v2/the_fist
the_joker_v2/the_joker
the_terminator_v2/the_terminator
thearm_v2/arm1/thearm
thetick_v2/thetick
thomas/lt_thomas
tiger_woods_v2/tiger_woods
tinky/lt_tinkywinky/spp_010tinkywinky/spp_tinkywinky/tinkywinky_sc4
tokisaki_kurumi/kurumi
tomb_rider_v2/tomb_rider
tommy_vercetti_v2/tommy_vercetti
tongousa/lt_letongue/tongo
tongue_v2/tongue
toon_madness_v2/toon_madness
toon_spy_v2/toon_spy
torch_bloody_v2/torch_bloody
torch_v2/torch
touhou_alice_v2/alice/touhou_alice
touhou_cirno_v2/touhou_cirno
touhou_daiyousei_v2/touhou_daiyousei
touhou_flandre_v2/touhou_flandre/touhou_flandre_scarlet
touhou_hieda_no_akyuu/touhou_akyuu
touhou_hina_v2/touhou_hina
touhou_inaba_tewi_v2/touhou_inaba_tewi
touhou_izayoi_sakuya_v2/touhou_izayoi_sakuya/touhou_sakuya
touhou_kagerou_v2/kagerou/touhou_kagerou
touhou_kaguya_v2/kaguya/touhou_kaguya
touhou_keine_v2/touhou_keine
touhou_kirisame_marisa/touhou_marisa
touhou_koa_devil/lt_koa
touhou_kochiya_sanae_v2/touhou_kochiya_sanae/touhou_sanae
touhou_kogasa_v2/touhou_kogasa
touhou_kotohime_v2/touhou_kotohime
touhou_meiling_v2/meiling/touhou_meiling
touhou_momiji/touhou_momiji_old
touhou_momiji_inuba/lt_momiji/momiji_inubashiri/touhou_momiji_inubashiri
touhou_nagae_iku_v2/touhou_iku/touhou_nagae_iku
touhou_reimu/touhou_reimu_mmd
touhou_remilia/touhou_remilia_scarlet
touhou_rumia_v2/touhou_rumia
touhou_sanae/touhou_kochiya_sanae2/touhou_sanaehd
touhou_sanae_jkc_v3/touhou_sanae_jkc/touhou_sanae_jkc_v2
touhou_sanae_jkg_v3/touhou_sanae_jkg/touhou_sanae_jkg_v2
touhou_sanae_jky_v3/touhou_sanae_jky/touhou_sanae_jky_v2
touhou_sekibanki_v2/touhou_sekibanki/touhou_sekibankiv2
touhou_suwako/touhou_swako
touhou_tenshi/touhou_hinanawi_tenshi
touhou_tenshi_40k/40k_sisters_tenshi
touhou_tenshi_v3/touhou_tenshi_v2
touhou_udongein/touhou_udongein_gta
touhou_udongein_mmd_v2/touhou_udongein_mmd
touhou_utsuho_v2/touhou_utsuho
touhou_yagokoro_eirin/touhou_eirin
touhou_yakumo_ran/touhou_ran
touhou_yakumo_yukari_v2/touhou_yakumo_yukari/touhou_yukari
touhou_youmu/touhou_konpaku_youmu
tower_thorne_v2/tower_thorne
trinity_v2/trinity
trinityboard_v2/trinityboard
trinitydawn_v2/trinitydawn
trinityrage2_v2/trinityrage2
trinityrage_v2/trinityrage/trinityrage_sc
trollskipper_v2/trollskipper
trollsnark_v2/trollsnark
trump2/trump
tsa_v2/tsa
tsugumi_v2/tsugumi
tw_gustavo/thewastes_gustavo2
tw_mena/thewastes_mena2
tw_player/thewastes_player2
uboa2_v2/uboa2
uboa_v2/uboa
uboab_v2/uboab
uboac_rampage2_p1_v2/uboac_rampage2_p1
uboac_rampage2_p2_v2/uboac_rampage2_p2
uboac_rampage2_p3_v2/uboac_rampage2_p3
uboac_rampage2_p4_v2/uboac_rampage2_p4
uboashocker/furyouhin
ufocat_v2/ufocat
uganda/lt_uganda
ugandan_knuckles_voice/dawae/lt_uganda/uganda/ugandan_knuckles
ugg_goose/patokpo
ultramarine_v2/ultramarine
ultrasonic_v2/ultrasonic
urban1_v2/urban1
urbanpanzer/panzerurban
us_sniper/allied6
v&mgirl/v_mgirl
vamp2/vamp
vasiliy_v2/vasiliy
vegetassj_blue/da_vegetassj_blue
vehicleshit_m1a1_abrams/vehicleshit_m1a1
venom_3/spp_venom1
venomreal_v2/venom/venomreal
vinnie_gognitti_alt_clean/vinnie_gognitti_alt_c
vinnie_gognitti_plain_clean/vinnie_gognitti_plainc
vip_v2/vip
visible_v2/visible
vitani_v2/vitani
vixen_v2/vixen
vocaloid_akita/da_akita_neru
vocaloid_haku/da_haku_yowane/spp_016haku/spp_haku
vocaloid_kasane/da_kasane_teto
vocaloid_miku/miku_fabulous1
vocaloid_miku2/vocaloid_miku/vocaloid_miku_v2
vocaloid_rin/kagamine-rin
votoms_v2/votoms
vtuber_kizuna_ld_v3/vtuber_kizuna_ld/vtuber_kizuna_ld_v2
w.w.a/wwa
wanted_annie_v2/wanted_annie/wnt_annie
wanted_bandit_mex_v2/wanted_bandit_mex/wnt_bandit_mex
wanted_bear_v2/wanted_bear/wnt_bear
wanted_colonel_v2/wanted_colonel/wnt_colonel
wanted_cowboy_v2/wanted_cowboy/wnt_cowboy
wanted_crispen_v2/wanted_crispen/wnt_crispen
wanted_dyndave_v2/wanted_dyndave/wnt_dyndave
wanted_hoss_v2/wanted_hoss/wnt_hoss
wanted_kaiewi_v2/wanted_kaiewi/wnt_kaiewi
wanted_masala_v2/wanted_masala/wnt_masala
wanted_miner_v2/wanted_miner/wnt_miner
wanted_nagatow_v2/wanted_nagatow/wnt_nagatow
wanted_ramone_v2/wanted_ramone/wnt_ramone
wanted_rogan_v2/wanted_rogan/wnt_rogan
wanted_townmex_v2/wanted_townmex/wnt_townmex
wanted_twnwest_v2/wanted_twnwest/wnt_twnwest
warrior_skeleton_2/warrior_skeleton/warrior_skeleton2
werewolf_fix/werewolf
wesker_v2/wesker
wesker_v3/wesker
whitestick_v2/whitestick
whitesuit_v2/whitesuit
wildflower_v2/wildflower
wileecoyote_v2/wileecoyote
will_v2/will
wind_shark_v2/wind_shark
wireframe2/wireframe
wolf_admin_v2/wolf_admin
wolverine_v2/wolverine
woodpixie_v2/woodpixie
woody/ab_woody/lt_jhosep
worm_v2/worm
wrs_digitrevx_v2/wrs_digitrevx/wrs_digitrevx-v2
wtfm_v2/wtfm
xalice_v2/xalice
xan_mk_i_blue_v2/xan_mk_i_blue
xan_mk_i_cyan_v2/xan_mk_i_cyan
xan_mk_i_default_v2/xan_mk_i_default
xan_mk_i_green_v2/xan_mk_i_green
xan_mk_i_purple_v2/xan_mk_i_purple
xan_mk_i_red_v2/xan_mk_i_red
xan_mk_i_yellow_v2/xan_mk_i_yellow
xena2_v2/xena2
xena_v2/xena
xgordon_v2/xgordon
xgrunt_v2/xgrunt
xinuyasha_v2/xinuyasha
xkagome_v2/xkagome
xkikyou_v2/xkikyou
xsesshomaru_v2/xsesshomaru
xt-10_mkiii/xt-10/xt-10_mkii
xy_meowsticf_fs/xy_meowsticfflat
xy_meowsticf_v2/xy_meowsticf
xy_meowsticm_fs/xy_meowsticmflat
xy_meowsticm_v2/xy_meowsticm
yellow_heart/lt_yellow_heart
yellowstick_v2/yellowstick
yoda_v2/yoda
yodan_v2/yodan
yokotaro_v2/yokotaro
yorha_2b/kz_2b
yorha_2b_scuttle_a2/yorha_2b_scuttle_a1
yosuke/yosuke_1__da113
youmu_test/touhou_youmu_test
young_link1_sc5/young_link1_s5
young_link2_sc5/young_link2_s5
yukari2/touhou_yukari2
yunoa/lt_sergio336_v2
yuri2_hev_alt_v2/yuri2_hev_alt
yuri_le_v2/yuri_le
yurnero/spp_014yurnero/spp_yurnero
yuti_v2/yuti
yuuka3/touhou_kazami_yuuka_3
yuukasuit/touhou_kazami_yuuka_c
zaxel_v2/zaxel
zbright_v2/z bright/zbright
zelda2_v2/zelda2
zelda_twilight_v2/zelda_twilight
zicke_v2/zicke
zombie3_v2/zombie3
zombie_deutsch_v2/zombie_deutsch
zombie_hl/scientist8
zombie_sssturmbann_v2/zombie_sssturmbann
zombiebarney_v2/zombiebarney
zombiesoldier_v2/zombiesoldier
zork_v2/zork
~]sp[~_v2/~]sp[~
~w@r_v2/~w@r
